file,artist,genre,style
Realism/vincent-van-gogh_pine-trees-in-the-fen-1884.jpg,22,133,161
Baroque/rembrandt_the-angel-appearing-to-the-shepherds-1634.jpg,20,136,144
Post_Impressionism/paul-cezanne_portrait-of-the-artist-s-son.jpg,16,135,160
Impressionism/pierre-auguste-renoir_young-girl-seated-in-a-meadow-1916.jpg,17,131,152
Romanticism/ivan-aivazovsky_morning-1851.jpg,9,139,163
Art_Nouveau_Modern/boris-kustodiev_meeting-easter-day-1917.jpg,1,131,143
Realism/vincent-van-gogh_vase-with-asters-and-phlox-1886.jpg,22,139,161
Romanticism/ivan-aivazovsky_night-in-the-ukraine-1871.jpg,9,133,163
Northern_Renaissance/albrecht-durer_deposition-engraved-passion-1512.jpg,25,136,157
Realism/john-singer-sargent_leon-delafosse.jpg,11,135,161
Romanticism/ivan-aivazovsky_rush-on-dnepr-near-aleshki-1857.jpg,9,133,163
Symbolism/nicholas-roerich_patrol-1905.jpg,14,131,164
Symbolism/nicholas-roerich_remember-1945.jpg,14,133,164
Realism/boris-kustodiev_portrait-of-the-painter-ivan-bilibin-1901.jpg,1,135,161
Impressionism/pierre-auguste-renoir_young-woman-with-crane-1886.jpg,17,135,152
Naive_Art_Primitivism/marc-chagall_still-life-with-bouquet-1962.jpg,12,138,155
Realism/vincent-van-gogh_peasant-woman-with-shawl-over-her-head-seen-from-the-side-1885.jpg,22,137,161
Romanticism/gustave-dore_the-sculptures.jpg,7,132,163
Romanticism/ivan-aivazovsky_lunar-night-at-the-spring-1877.jpg,9,133,163
Romanticism/gustave-dore_farinata.jpg,7,132,163
Baroque/rembrandt_sick-woman-with-a-large-white-headdress-saskia.jpg,20,137,144
Realism/pyotr-konchalovsky_in-the-woods-1945.jpg,18,133,161
Impressionism/pierre-auguste-renoir_houses-in-cagnes-1908.jpg,17,130,152
Expressionism/martiros-saryan_in-the-garden-1928.jpg,13,137,149
Baroque/rembrandt_portrait-of-margeretha-de-geer-1661.jpg,20,135,144
Impressionism/claude-monet_dolceacqua-bridge.jpg,4,130,152
Symbolism/nicholas-roerich_tibet-1929.jpg,14,133,164
Expressionism/martiros-saryan_flowers-against-the-backdrop-of-carpet-1915.jpg,13,139,149
Realism/ivan-shishkin_deciduous-forest-1873.jpg,10,137,161
Realism/vincent-van-gogh_seated-male-nude-seen-from-the-back.jpg,22,134,161
Realism/vincent-van-gogh_portrait-of-a-woman-1885.jpg,22,135,161
Northern_Renaissance/albrecht-durer_apostle-bartholomew.jpg,25,136,157
Post_Impressionism/paul-cezanne_still-life-with-basket.jpg,16,138,160
Naive_Art_Primitivism/marc-chagall_self-portrait-1963.jpg,12,139,155
Expressionism/pablo-picasso_head-of-dead-woman-1902.jpg,15,135,149
Romanticism/ivan-aivazovsky_sea-view-1867.jpg,9,133,163
Naive_Art_Primitivism/marc-chagall_king-david-s-tower-1971.jpg,12,136,155
Art_Nouveau_Modern/nicholas-roerich_king-s-room-1913.jpg,14,139,143
Art_Nouveau_Modern/raphael-kirchner_deadly-sins-2.jpg,19,134,143
Baroque/rembrandt_portrait-of-clement-de-jonge-1651.jpg,20,135,144
Impressionism/pierre-auguste-renoir_still-life-with-bouquet-1871.jpg,17,138,152
Realism/ilya-repin_portrait-of-a-kalmyk-1871.jpg,8,135,161
Symbolism/nicholas-roerich_procopius-the-righteous-removes-a-cloud-of-stone-from-the-great-ustyug-1913.jpg,14,137,164
Impressionism/eugene-boudin_deauville-the-beach-low-tide.jpg,6,133,152
Impressionism/pierre-auguste-renoir_still-life-with-strawberries-2.jpg,17,138,152
Expressionism/salvador-dali_satirical-composition-the-dance-by-matisse.jpg,21,131,149
Northern_Renaissance/albrecht-durer_laughing-peasant-woman-1505.jpg,25,135,157
Post_Impressionism/paul-cezanne_house-behind-trees-on-the-road-to-tholonet-1887.jpg,16,133,160
Realism/vincent-van-gogh_peasant-woman-with-shawl-over-her-head-seen-from-the-side-2-1885.jpg,22,137,161
Post_Impressionism/pablo-picasso_the-good-derain-1910.jpg,15,131,160
Post_Impressionism/paul-cezanne_seated-woman-1895.jpg,16,135,160
Art_Nouveau_Modern/raphael-kirchner_milkmaid.jpg,19,131,143
Realism/vincent-van-gogh_garbage-dump-1883(1).jpg,22,137,161
Impressionism/salvador-dali_the-tartan-el-son.jpg,21,139,152
Post_Impressionism/paul-cezanne_in-the-woods-1885.jpg,16,133,160
Baroque/rembrandt_portrait-of-joris-de-caullery-1632.jpg,20,135,144
Realism/boris-kustodiev_venice-1907.jpg,1,130,161
Impressionism/paul-cezanne_the-orchard-1877.jpg,16,133,152
Realism/boris-kustodiev_portrait-of-a-lady-model-1908.jpg,1,134,161
Symbolism/nicholas-roerich_lahaul-1932-1.jpg,14,133,164
Northern_Renaissance/albrecht-durer_portrait-of-a-woman.jpg,25,135,157
Northern_Renaissance/albrecht-durer_the-penitent-1510.jpg,25,131,157
Romanticism/gustave-dore_invocation-to-muhammad.jpg,7,132,163
Art_Nouveau_Modern/nicholas-roerich_polovtsian-camp-1.jpg,14,139,143
Realism/john-singer-sargent_a-game-of-bowls-ightham-mote-kent-1889.jpg,11,131,161
Romanticism/ivan-aivazovsky_the-black-sea-at-night.jpg,9,139,163
Romanticism/gustave-dore_godfrey-enters-jerusalem-1877.jpg,7,132,163
Impressionism/pierre-auguste-renoir_lydia-sieligmann-1917.jpg,17,135,152
Naive_Art_Primitivism/marc-chagall_lovers-near-bridge-1948.jpg,12,131,155
Realism/ilya-repin_job-and-his-friends-1869.jpg,8,136,161
Northern_Renaissance/albrecht-durer_portrait-of-african-woman-catherine.jpg,25,135,157
Impressionism/claude-monet_sunset-on-the-seine-at-lavacourt-winter-effect.jpg,4,133,152
Realism/vincent-van-gogh_sower-1882-3.jpg,22,131,161
Symbolism/salvador-dali_tertia-die-resurrexit-1967.jpg,21,136,164
Impressionism/edgar-degas_achille-de-gas-1872.jpg,5,135,152
Impressionism/pierre-auguste-renoir_eugene-murer-1877.jpg,17,135,152
Impressionism/childe-hassam_november-cos-cob.jpg,3,130,152
Impressionism/paul-cezanne_landscape-in-provence-1875.jpg,16,133,152
Impressionism/claude-monet_rain-in-belle-ile.jpg,4,133,152
Impressionism/camille-pissarro_the-tuileries-gardens-2-1900.jpg,2,130,152
Post_Impressionism/vincent-van-gogh_the-house-of-pere-pilon-1890.jpg,22,133,160
Impressionism/claude-monet_the-pink-skiff-boating-on-the-ept.jpg,4,131,152
Romanticism/gustave-dore_the-inferno-canto-5-1.jpg,7,132,163
Symbolism/nicholas-roerich_himalayas-chain-of-kanchenjunga-1936.jpg,14,133,164
Impressionism/pierre-auguste-renoir_bouquet-of-flowers.jpg,17,139,152
Impressionism/claude-monet_zaandam.jpg,4,130,152
Impressionism/john-singer-sargent_base-of-a-palace-1904.jpg,11,130,152
Post_Impressionism/pyotr-konchalovsky_at-the-ilmen-lake-1928.jpg,18,131,160
Art_Nouveau_Modern/boris-kustodiev_view-from-the-window-1926.jpg,1,130,143
Impressionism/pierre-auguste-renoir_woman-at-the-chest-1919.jpg,17,134,152
Impressionism/paul-cezanne_the-harvesters-1878.jpg,16,131,152
Expressionism/marc-chagall_small-drawing-room-1908.jpg,12,139,149
Impressionism/edgar-degas_landscape-cows-in-the-foreground.jpg,5,133,152
Realism/ilya-repin_portrait-of-the-artist-vasily-surikov-1885.jpg,8,135,161
Impressionism/edgar-degas_houses-by-the-seaside-1869.jpg,5,133,152
Symbolism/nicholas-roerich_sharugon-monastery-1928.jpg,14,133,164
Impressionism/pablo-picasso_flower-seller-1901.jpg,15,131,152
Impressionism/camille-pissarro_chestnut-trees-at-louveciennes-1872.jpg,2,133,152
Baroque/rembrandt_self-portrait-1659-1.jpg,20,139,144
Cubism/pablo-picasso_still-life-with-the-mandolin-1924.jpg,15,138,147
Northern_Renaissance/albrecht-durer_the-great-courier-1495.jpg,25,131,157
Symbolism/nicholas-roerich_rohtang-pass-1936.jpg,14,133,164
Expressionism/pyotr-konchalovsky_still-life-melon-1912.jpg,18,138,149
Cubism/pablo-picasso_bull-plate-viii-1946.jpg,15,139,147
Post_Impressionism/salvador-dali_vilabertrin-church-tower-1919.jpg,21,133,160
Symbolism/nicholas-roerich_guri-guri-dhar-ridge-1931.jpg,14,137,164
Art_Nouveau_Modern/boris-kustodiev_russian-venus-1926-1.jpg,1,134,143
Romanticism/ivan-aivazovsky_crimean-coast-1886.jpg,9,133,163
Cubism/pablo-picasso_still-life-with-antique-bust-1925.jpg,15,138,147
Symbolism/nicholas-roerich_sadness-two-in-boat-1939.jpg,14,131,164
Post_Impressionism/vincent-van-gogh_the-fields-1890.jpg,22,133,160
Baroque/rembrandt_cupid-blowing-soap-bubbles-1634.jpg,20,139,144
Symbolism/nicholas-roerich_place-of-mahatma-s-camp-district-kuku-nor.jpg,14,133,164
Realism/vincent-van-gogh_vase-with-carnations-and-other-flowers-1886.jpg,22,139,161
Baroque/rembrandt_the-jewish-bride-1666.jpg,20,131,144
Post_Impressionism/pyotr-konchalovsky_two-georgians-with-pitchers-every-day-in-light-aragvi-1927.jpg,18,131,160
Impressionism/childe-hassam_oregon-coast.jpg,3,133,152
Realism/pyotr-konchalovsky_horse-at-the-gate-1930.jpg,18,133,161
Realism/boris-kustodiev_portrait-of-f-i-chaliapin-1921-1.jpg,1,137,161
Impressionism/eugene-boudin_antwerp-the-schelde.jpg,6,130,152
Romanticism/ivan-aivazovsky_deluge-1864.jpg,9,136,163
Naive_Art_Primitivism/marc-chagall_illustration-for-louis-aragon-s-work-one-who-says-things-without-saying-anything-1976-18.jpg,12,132,155
Impressionism/claude-monet_vetheuil-ice-floes.jpg,4,130,152
Romanticism/gustave-dore_don-quixote-81.jpg,7,132,163
Realism/pyotr-konchalovsky_on-the-river-protva-fisherman-1953.jpg,18,133,161
Northern_Renaissance/albrecht-durer_portrait-of-a-man-konrad-peutinger.jpg,25,135,157
Impressionism/childe-hassam_newfields-new-hampshire-1.jpg,3,133,152
Baroque/rembrandt_old-man-in-meditation-leaning-on-a-book-1645.jpg,20,137,144
Post_Impressionism/vincent-van-gogh_sower-with-setting-sun-1888.jpg,22,137,160
Post_Impressionism/pablo-picasso_the-death-of-casagemas-1901.jpg,15,131,160
Romanticism/gustave-dore_the-cruelties-of-bibars.jpg,7,132,163
Realism/ilya-repin_portrait-of-ivan-mikhaylovich-sechenov-russian-physiologist-1889.jpg,8,135,161
Realism/camille-pissarro_the-road.jpg,2,133,161
Realism/vincent-van-gogh_woman-feeding-chickens-1883.jpg,22,131,161
Impressionism/pierre-auguste-renoir_low-tide-at-yport-1883.jpg,17,133,152
Naive_Art_Primitivism/marc-chagall_the-large-gray-circus-1975.jpg,12,131,155
Realism/ivan-shishkin_forest-before-the-storm-1872.jpg,10,133,161
Art_Nouveau_Modern/boris-kustodiev_in-the-box-1912.jpg,1,131,143
Symbolism/nicholas-roerich_everest-1937.jpg,14,133,164
Naive_Art_Primitivism/marc-chagall_tchitchikov-on-his-bed.jpg,12,132,155
Realism/vincent-van-gogh_clock-clog-with-cutlery-and-a-spoon-rack-1885(1).jpg,22,138,161
Impressionism/claude-monet_low-tide-at-varengeville-02.jpg,4,133,152
Symbolism/nicholas-roerich_sketch-for-tale-of-tsar-saltan-1919-1.jpg,14,137,164
Impressionism/john-singer-sargent_palace-and-gardens-spain-1912.jpg,11,130,152
Realism/pyotr-konchalovsky_spring-day-1955.jpg,18,133,161
Realism/pyotr-konchalovsky_airedale-on-the-balcony-1935.jpg,18,139,161
Post_Impressionism/pyotr-konchalovsky_veliky-novgorod-1926.jpg,18,137,160
Northern_Renaissance/albrecht-durer_portrait-of-an-unknown-man-1520.jpg,25,135,157
Impressionism/claude-monet_anglers-on-the-seine-at-poissy(1).jpg,4,131,152
Cubism/paul-cezanne_mont-sainte-victoire-1897.jpg,16,133,147
Expressionism/martiros-saryan_gathering-peaches-in-the-collective-farm-in-armenia-1938.jpg,13,131,149
Impressionism/john-singer-sargent_the-tyrol-1914.jpg,11,133,152
Realism/vincent-van-gogh_the-heath-with-a-wheelbarrow-1883.jpg,22,133,161
Post_Impressionism/pyotr-konchalovsky_spring-open-door-on-the-balcony-1948.jpg,18,139,160
Romanticism/gustave-dore_paradise-lost-6.jpg,7,132,163
Impressionism/childe-hassam_a-spring-morning-1892.jpg,3,130,152
Art_Nouveau_Modern/nicholas-roerich_uglich-church-of-prince-dmitry-1904.jpg,14,130,143
Impressionism/childe-hassam_isles-of-shoals-broad-cove.jpg,3,139,152
Romanticism/ivan-aivazovsky_moscow-in-winter-from-the-sparrow-hills-1872.jpg,9,133,163
Cubism/paul-cezanne_farm-at-montgeroult-1898.jpg,16,130,147
Impressionism/edgar-degas_alexander-and-bucephalus-1861.jpg,5,139,152
Impressionism/camille-pissarro_june-morning-view-over-the-hills-over-pontoise-1873.jpg,2,133,152
Post_Impressionism/vincent-van-gogh_large-plane-trees-1889.jpg,22,133,160
Post_Impressionism/martiros-saryan_ashtarak-in-hazy-day-1954.jpg,13,133,160
Realism/vincent-van-gogh_peasant-with-sickle-seen-from-the-back-1885.jpg,22,137,161
Naive_Art_Primitivism/marc-chagall_striking-the-rock-5.jpg,12,136,155
Northern_Renaissance/albrecht-durer_portrait-of-a-man-damia-van-der-goes.jpg,25,135,157
Northern_Renaissance/albrecht-durer_st-jerome-1492.jpg,25,136,157
Post_Impressionism/vincent-van-gogh_landscape-with-the-oise-1890.jpg,22,137,160
Art_Nouveau_Modern/boris-kustodiev_the-harvest-1914.jpg,1,131,143
Northern_Renaissance/albrecht-durer_adoration-of-the-magi-1.jpg,25,136,157
Realism/ivan-shishkin_the-path-through-the-woods-1880-oil-on-canvas-1880.jpg,10,133,161
Impressionism/edgar-degas_woman-at-the-window.jpg,5,137,152
Symbolism/nicholas-roerich_anxiety-1938.jpg,14,139,164
Symbolism/nicholas-roerich_abode-of-the-spirit.jpg,14,133,164
Expressionism/pablo-picasso_crouching-female-nude-1956.jpg,15,134,149
Post_Impressionism/vincent-van-gogh_plaster-statuette-of-a-female-torso-1886-2.jpg,22,138,160
Impressionism/edgar-degas_woman-squatting.jpg,5,134,152
Impressionism/childe-hassam_new-york-hod-carriers.jpg,3,131,152
Art_Nouveau_Modern/nicholas-roerich_study-of-scene-design-for-tristan-und-isolde-1912.jpg,14,139,143
Romanticism/gustave-dore_puss-in-boots.jpg,7,132,163
Northern_Renaissance/albrecht-durer_the-cross-of-christ.jpg,25,137,157
Impressionism/john-singer-sargent_magnolias.jpg,11,139,152
Expressionism/pablo-picasso_family-of-acrobats-study-1905.jpg,15,131,149
Cubism/marc-chagall_three-acrobates-1926.jpg,12,131,147
Impressionism/claude-monet_springtime-1886.jpg,4,131,152
Impressionism/childe-hassam_nude-on-the-cliffs.jpg,3,134,152
Symbolism/nicholas-roerich_himalayas-with-setting-moon.jpg,14,139,164
Impressionism/edgar-degas_the-little-milliners-1882.jpg,5,131,152
Cubism/pablo-picasso_woman-with-yellow-shirt-1907.jpg,15,135,147
Realism/john-singer-sargent_venetian-wineshop.jpg,11,131,161
Realism/ilya-repin_in-the-besieged-moscow-in-1812-1912.jpg,8,139,161
Post_Impressionism/vincent-van-gogh_man-on-a-bench-1886.jpg,22,137,160
Baroque/rembrandt_self-portrait-open-mouthed-1630.jpg,20,139,144
Baroque/rembrandt_man-with-a-magnifying-glass-1629.jpg,20,135,144
Impressionism/pierre-auguste-renoir_after-bathing.jpg,17,134,152
Symbolism/nicholas-roerich_himalayas-48.jpg,14,133,164
Realism/vincent-van-gogh_road-with-pollard-willows-and-man-with-broom-1881.jpg,22,137,161
Impressionism/claude-monet_waterloo-bridge-sunlight-effect-5.jpg,4,130,152
Post_Impressionism/vincent-van-gogh_portrait-of-the-artist-s-mother-1888.jpg,22,135,160
Realism/vincent-van-gogh_tabernacle-in-the-heath.jpg,22,133,161
Cubism/salvador-dali_soft-nude-nude-watch.jpg,21,134,147
Realism/pyotr-konchalovsky_still-life-lilacs-in-the-tub-1946.jpg,18,139,161
Post_Impressionism/vincent-van-gogh_public-garden-with-couple-and-blue-fir-tree-the-poet-s-garden-iii-1888.jpg,22,133,160
Romanticism/gustave-dore_the-envious.jpg,7,132,163
Naive_Art_Primitivism/marc-chagall_josue-and-the-stone-of-sichem.jpg,12,136,155
Cubism/pablo-picasso_the-girls-of-avignon-study-1907.jpg,15,137,147
Expressionism/martiros-saryan_trees-in-blossom-1901.jpg,13,133,149
Romanticism/ivan-aivazovsky_reval-1844.jpg,9,139,163
Realism/vincent-van-gogh_sower-with-hand-in-sack-1881.jpg,22,137,161
Romanticism/paul-cezanne_the-robbers-and-the-donkey.jpg,16,131,163
Romanticism/ivan-aivazovsky_night-constantinople-1886.jpg,9,130,163
Cubism/salvador-dali_pierrot-playing-the-guitar.jpg,21,131,147
Realism/vincent-van-gogh_man-and-woman-sharing-a-meal-1885.jpg,22,137,161
Realism/martiros-saryan_portrait-of-a-i-alikhanov.jpg,13,135,161
Realism/ivan-shishkin_on-the-seashore-sestroreck.jpg,10,137,161
Impressionism/claude-monet_water-lilies-1917-7.jpg,4,139,152
Cubism/pyotr-konchalovsky_cassis-1913.jpg,18,137,147
Naive_Art_Primitivism/marc-chagall_couple-with-a-bird-1959.jpg,12,131,155
Realism/ivan-shishkin_bench-at-the-mall-1872.jpg,10,133,161
Impressionism/camille-pissarro_the-road-to-saint-cyr-at-louveciennes.jpg,2,133,152
Realism/pyotr-konchalovsky_children-in-the-studio-1947.jpg,18,139,161
Romanticism/gustave-dore_don-quixote-3.jpg,7,132,163
Post_Impressionism/martiros-saryan_flowers-1913.jpg,13,139,160
Post_Impressionism/pyotr-konchalovsky_self-portrait-with-family.jpg,18,139,160
Art_Nouveau_Modern/raphael-kirchner_fan-1916.jpg,19,131,143
Realism/ilya-repin_portrait-of-doctor-constantine-franzevich-yanitsky-1865.jpg,8,135,161
Realism/vincent-van-gogh_poplar-trees-1884.jpg,22,133,161
Impressionism/claude-monet_pathway-in-monet-s-garden-at-giverny-1902.jpg,4,133,152
Expressionism/pablo-picasso_two-brothers-1906.jpg,15,131,149
Realism/john-singer-sargent_the-marlborough-family-1905.jpg,11,135,161
Northern_Renaissance/albrecht-durer_garza.jpg,0,139,157
Romanticism/gustave-dore_battle-of-antioch.jpg,7,132,163
Realism/eugene-boudin_the-port-portrieux-1873.jpg,6,130,161
Art_Nouveau_Modern/nicholas-roerich_vaydelots-1914.jpg,14,139,143
Art_Nouveau_Modern/raphael-kirchner_behind-the-scenes-1900.jpg,19,131,143
Realism/nicholas-roerich_sketch-to-holy-fire-1900.jpg,14,137,161
Realism/boris-kustodiev_self-portrait-1905.jpg,1,139,161
Realism/pyotr-konchalovsky_the-window-of-the-poet-1935.jpg,18,139,161
Post_Impressionism/vincent-van-gogh_wheat-fields-1890-1.jpg,22,137,160
Expressionism/martiros-saryan_bulls-1903.jpg,13,133,149
Impressionism/eugene-boudin_villefranche-the-citadel-1892.jpg,6,133,152
Impressionism/claude-monet_rio-della-salute-03.jpg,4,130,152
Realism/ivan-shishkin_hut-in-the-the-forest.jpg,10,133,161
Impressionism/pierre-auguste-renoir_frederic-bazille-painting-the-heron-1867.jpg,17,135,152
Art_Nouveau_Modern/nicholas-roerich_city-wall-1909.jpg,14,139,143
Impressionism/childe-hassam_the-sea.jpg,3,133,152
Post_Impressionism/vincent-van-gogh_self-portrait-1887-7.jpg,22,139,160
Symbolism/nicholas-roerich_lamayuru-monastery-1925.jpg,14,133,164
Realism/boris-kustodiev_v-a-kastalsky-tree-sketches-1919.jpg,1,137,161
Realism/vincent-van-gogh_peasant-woman-kneeling-possibly-digging-up-carrots-1885.jpg,22,137,161
Realism/nicholas-roerich_herodotus-1893.jpg,14,138,161
Impressionism/claude-monet_valley-of-the-creuse-afternoon-sunlight.jpg,4,133,152
Impressionism/pierre-auguste-renoir_women-bathing.jpg,17,134,152
Post_Impressionism/pyotr-konchalovsky_willows-1919.jpg,18,133,160
Impressionism/pierre-auguste-renoir_bather-and-maid-the-toilet.jpg,17,134,152
Romanticism/gustave-dore_don-quixote-133.jpg,7,132,163
Art_Nouveau_Modern/nicholas-roerich_pomeranians-evening-1907.jpg,14,131,143
Post_Impressionism/vincent-van-gogh_wheat-field-with-a-stack-of-wheat-or-hay-1890.jpg,22,137,160
Fauvism/martiros-saryan_mules-laden-with-hay-1910.jpg,13,139,150
Analytical_Cubism/pablo-picasso_violin-glass-pipe-and-inkwell-1912.jpg,15,138,142
Impressionism/john-singer-sargent_ilex-wood-at-majorca-with-blue-pigs-1908.jpg,11,133,152
Abstract_Expressionism/salvador-dali_religious-scene-in-particles.jpg,21,136,140
Realism/boris-kustodiev_portrait-v-a-kastalsky-1921.jpg,1,137,161
Impressionism/claude-monet_white-frost.jpg,4,130,152
Impressionism/pierre-auguste-renoir_figures-in-a-landscape-1900.jpg,17,133,152
Impressionism/eugene-boudin_the-seine-at-caudebec-en-caux-1889.jpg,6,133,152
Impressionism/claude-monet_taking-a-walk-on-the-cliffs-of-sainte-adresse.jpg,4,133,152
Romanticism/gustave-dore_david-attacks-the-ammonites.jpg,7,136,163
Impressionism/pierre-auguste-renoir_the-bather-after-the-bath-1888.jpg,17,134,152
Realism/ilya-repin_portrait-of-m-p-shevtsova-wife-of-a-shevtsov-1876.jpg,8,135,161
Realism/vincent-van-gogh_the-potato-eaters-1885-1.jpg,22,131,161
Romanticism/gustave-dore_don-quixote-103.jpg,7,132,163
Northern_Renaissance/albrecht-durer_adam-and-eve-1504.jpg,25,136,157
Realism/vincent-van-gogh_peasant-woman-stooping-1885.jpg,22,137,161
Realism/john-singer-sargent_judith-gautier.jpg,11,135,161
Realism/ilya-repin_portrait-of-vera-repina-the-artist-s-wife-1876.jpg,8,135,161
Impressionism/claude-monet_cliff-at-sainte-adresse.jpg,4,133,152
Post_Impressionism/vincent-van-gogh_wheat-field-with-sheaves-1888-1.jpg,22,137,160
Impressionism/claude-monet_cliff-near-pourville.jpg,4,133,152
Post_Impressionism/pyotr-konchalovsky_portrait-of-an-art-critic-v-a-nikolsky-1933.jpg,18,135,160
Impressionism/pierre-auguste-renoir_the-farm-1914.jpg,17,131,152
Symbolism/nicholas-roerich_landscape-1913.jpg,14,133,164
Art_Nouveau_Modern/raphael-kirchner_scenes-of-ancient-greece-1903-2.jpg,19,139,143
Impressionism/claude-monet_the-railway-bridge-at-argenteuil-1.jpg,4,133,152
Romanticism/ivan-aivazovsky_wave-1895.jpg,9,139,163
Baroque/rembrandt_moses-smashing-the-tablets-of-the-law-1659.jpg,20,136,144
Expressionism/marc-chagall_man-at-table-1911.jpg,12,131,149
Impressionism/pierre-auguste-renoir_madame-charles-fray-1901.jpg,17,135,152
Impressionism/pierre-auguste-renoir_genevieve-bernheim-de-villers-1910.jpg,17,135,152
Impressionism/claude-monet_water-lily-pond-1919-2.jpg,4,139,152
Art_Nouveau_Modern/boris-kustodiev_shrovetide-1920-1.jpg,1,131,143
Post_Impressionism/vincent-van-gogh_sheet-with-a-few-sketches-of-figures-1890.jpg,22,137,160
Cubism/pablo-picasso_untitled-1920-2.jpg,15,138,147
Realism/vincent-van-gogh_worn-out-1882.jpg,22,131,161
Realism/ilya-repin_portrait-of-the-artist-ivan-kramskoy-1882.jpg,8,135,161
Impressionism/childe-hassam_the-isles-of-shoals.jpg,3,139,152
Realism/boris-kustodiev_portrait-of-elizabeth-pushkina.jpg,1,135,161
Post_Impressionism/pyotr-konchalovsky_novgorod-detinets-1925.jpg,18,130,160
Expressionism/pablo-picasso_untitled-1971.jpg,15,134,149
Realism/vincent-van-gogh_fisherman-in-jacket-with-upturned-collar-1883(1).jpg,22,135,161
Realism/vincent-van-gogh_sketch-of-a-knee-1886.jpg,22,137,161
Analytical_Cubism/pablo-picasso_clarinet-1911.jpg,15,138,142
Cubism/marc-chagall_soldiers-1912.jpg,12,135,147
Symbolism/salvador-dali_gradiva-finds-the-anthropomorphic-ruins.jpg,21,139,164
Realism/ivan-shishkin_pond-1.jpg,10,133,161
Realism/vincent-van-gogh_head-of-a-woman-15.jpg,22,135,161
Impressionism/claude-monet_three-fishing-boats.jpg,4,139,152
Realism/vincent-van-gogh_diggers-in-torn-up-street-1882(1).jpg,22,137,161
Impressionism/pierre-auguste-renoir_young-woman-looking-at-a-print-1896.jpg,17,131,152
Art_Nouveau_Modern/raphael-kirchner_lillian-lorraine.jpg,19,131,143
Art_Nouveau_Modern/raphael-kirchner_modern-girls-1901-2.jpg,19,139,143
Realism/pyotr-konchalovsky_still-life-bread-ham-and-wine-1948.jpg,18,138,161
Romanticism/ivan-aivazovsky_meeting-of-the-brig-mercury-with-the-russian-squadron-after-the-defeat-of-two-turkish-1848.jpg,9,139,163
Symbolism/salvador-dali_iosias-sepultus-in-mausoleum-patrum-2-chronicles-35-24-1967.jpg,21,136,164
Analytical_Cubism/pablo-picasso_spanish-still-life-1912.jpg,15,138,142
Realism/vincent-van-gogh_head-of-a-man-bareheaded-1885(1).jpg,22,137,161
Romanticism/gustave-dore_samson-slays-a-lion.jpg,7,136,163
Impressionism/edgar-degas_the-racecourse-1885.jpg,5,131,152
Romanticism/gustave-dore_the-levite-carries-the-woman-s-body-away.jpg,7,136,163
Impressionism/pierre-auguste-renoir_vase-of-flowers-3.jpg,17,139,152
Impressionism/john-singer-sargent_a-boating-party.jpg,11,131,152
Baroque/rembrandt_the-tribute-money-1635.jpg,20,136,144
Northern_Renaissance/albrecht-durer_sudarium-displayed-by-two-angels-1513.jpg,25,136,157
Realism/vincent-van-gogh_man-loading-a-cart-1885.jpg,22,137,161
Northern_Renaissance/albrecht-durer_christ-on-the-mount-of-olives-1521.jpg,25,136,157
Symbolism/nicholas-roerich_night-rider-1918.jpg,14,133,164
Impressionism/eugene-boudin_laundresses-2.jpg,6,131,152
Impressionism/claude-monet_woman-with-a-parasol-in-the-garden-in-argenteuil.jpg,4,131,152
Realism/boris-kustodiev_self-portrait-1904-2.jpg,1,139,161
Romanticism/paul-cezanne_landscape-1867.jpg,16,133,163
Cubism/pablo-picasso_standing-woman-1946.jpg,15,135,147
Symbolism/nicholas-roerich_issa-and-giant-s-head-1932-3.jpg,14,136,164
Realism/john-singer-sargent_mrs-frederick-roller-1895.jpg,11,135,161
Realism/vincent-van-gogh_head-of-a-woman-12.jpg,22,135,161
Naive_Art_Primitivism/marc-chagall_noah-s-ark-2.jpg,12,137,155
Realism/vincent-van-gogh_girl-kneeling-1881(1).jpg,22,131,161
Northern_Renaissance/albrecht-durer_the-holy-family-with-the-dragon-fly.jpg,25,136,157
Northern_Renaissance/albrecht-durer_self-portrait-with-a-wrap-1492.jpg,0,139,157
Realism/vincent-van-gogh_girl-with-pinafore-half-figure-1883(1).jpg,22,135,161
Art_Nouveau_Modern/nicholas-roerich_procopius-the-righteous-removes-a-cloud-of-stone-from-the-great-ustyug-1914.jpg,14,137,143
Realism/eugene-boudin_laundresses-on-the-banks-of-the-touques-11.jpg,6,131,161
Romanticism/ivan-aivazovsky_cristofor-columb-1875.jpg,9,139,163
Post_Impressionism/pyotr-konchalovsky_emerald-summer-1922.jpg,18,133,160
Impressionism/claude-monet_an-orchard-in-spring(1).jpg,4,133,152
Post_Impressionism/vincent-van-gogh_self-portrait-1888-1.jpg,22,139,160
Impressionism/childe-hassam_spring-woods.jpg,3,133,152
Realism/pablo-picasso_olga-in-a-mantilla-1917.jpg,15,135,161
Symbolism/nicholas-roerich_kuluta-mountains-before-the-sunset-1936.jpg,14,133,164
Northern_Renaissance/albrecht-durer_the-chandelier-females-1513.jpg,0,139,157
Post_Impressionism/paul-cezanne_portrait-of-madame-cezanne-1883.jpg,16,135,160
Baroque/rembrandt_self-portrait-as-a-young-man-1634.jpg,20,139,144
Post_Impressionism/pyotr-konchalovsky_under-the-tree-1929.jpg,18,131,160
Art_Nouveau_Modern/nicholas-roerich_by-the-edge-1915.jpg,14,131,143
Post_Impressionism/pyotr-konchalovsky_still-life-pipes-1931.jpg,18,138,160
Baroque/rembrandt_portrait-of-willem-bartholsz-ruyter.jpg,20,135,144
Impressionism/edgar-degas_study-for-the-self-portrait-1855.jpg,5,139,152
Realism/john-singer-sargent_general-officers-of-world-war-i-1922.jpg,11,135,161
Realism/ilya-repin_portrait-of-tatiana-rechinskay-1882.jpg,8,135,161
Realism/vincent-van-gogh_standing-woman-half-length-1882.jpg,22,137,161
Impressionism/childe-hassam_victory-day-may.jpg,3,130,152
Realism/ilya-repin_state-council-hall.jpg,8,139,161
Northern_Renaissance/albrecht-durer_christ-and-the-disciples-at-emmaus-1511.jpg,25,136,157
Realism/vincent-van-gogh_weaver-arranging-threads-1884.jpg,22,137,161
Cubism/paul-cezanne_river-at-the-bridge-of-the-three-sources-1906.jpg,16,133,147
Realism/john-singer-sargent_standing-male-figure.jpg,11,134,161
Naive_Art_Primitivism/marc-chagall_illustration-for-literary-review-shtrom-heftn-1923-1.jpg,12,132,155
Impressionism/camille-pissarro_three-women-cutting-grass-1886.jpg,2,131,152
Impressionism/pierre-auguste-renoir_madeline-wearing-a-rose-1916.jpg,17,135,152
Post_Impressionism/vincent-van-gogh_gypsies-at-saintes-maries-1888(1).jpg,22,137,160
Impressionism/pierre-auguste-renoir_reclining-nude-the-baker-s-wife-1902.jpg,17,134,152
Realism/ivan-shishkin_autumn-1894.jpg,10,133,161
Analytical_Cubism/pablo-picasso_table-in-a-cafe-bottle-of-pernod-1912.jpg,15,138,142
Realism/ilya-repin_peter-the-great-on-the-hunt.jpg,8,139,161
Impressionism/edgar-degas_visit-to-a-museum-1880.jpg,5,131,152
Realism/john-singer-sargent_the-archbishop-of-canterbury-randall-thomas-davidson-1910.jpg,11,135,161
Romanticism/gustave-dore_the-courage-of-a-mother.jpg,7,136,163
Northern_Renaissance/albrecht-durer_side-and-frontal-view-of-the-female-head-1528.jpg,25,137,157
Baroque/rembrandt_self-portrait-in-velvet-cap-and-plume-1638.jpg,20,139,144
Realism/boris-kustodiev_portrait-of-konstantin-nicolayevich-igumnov-1923.jpg,1,135,161
Impressionism/pierre-auguste-renoir_a-fence-in-the-forest-1878.jpg,17,133,152
Art_Nouveau_Modern/nicholas-roerich_kurvenal-1912.jpg,14,139,143
Impressionism/claude-monet_san-giorgio-maggiore-3.jpg,4,130,152
Realism/vincent-van-gogh_churchyard-in-winter-1883(1).jpg,22,130,161
Realism/john-singer-sargent_essie-ruby-and-ferdinand-children-of-asher-wertheimer-1902.jpg,11,135,161
Realism/john-singer-sargent_mrs-richard-h-derby-1888.jpg,11,135,161
Post_Impressionism/vincent-van-gogh_three-white-cottages-in-saintes-maries-1888.jpg,22,133,160
Impressionism/childe-hassam_mount-hood.jpg,3,133,152
Romanticism/gustave-dore_idylls-of-the-king-16.jpg,7,132,163
Symbolism/nicholas-roerich_nubra-valley.jpg,14,133,164
Realism/boris-kustodiev_portrait-of-d-f-bogoslovsky-1902.jpg,1,135,161
Impressionism/pablo-picasso_brasserie-on-monmartre.jpg,15,131,152
Art_Nouveau_Modern/raphael-kirchner_girls-with-beige-border.jpg,19,139,143
Impressionism/john-singer-sargent_palazzo-labia-venice-1913.jpg,11,130,152
Romanticism/gustave-dore_the-battle-of-antioch.jpg,7,132,163
Impressionism/claude-monet_water-lilies-5.jpg,4,139,152
Impressionism/pierre-auguste-renoir_jeanne-samary-1877.jpg,17,135,152
Romanticism/ivan-aivazovsky_portrait-of-senator-alexander-ivanovich-kaznacheyev-1848.jpg,9,135,163
Realism/nicholas-roerich_porhov-belfry-on-fortress-tower-1899.jpg,14,130,161
Naive_Art_Primitivism/pablo-picasso_head-of-the-man.jpg,15,135,155
Impressionism/childe-hassam_a-rainy-day-new-york.jpg,3,131,152
Realism/ilya-repin_portrait-of-the-actor-pavel-samoylov-1915.jpg,8,135,161
Symbolism/nicholas-roerich_himalayas-nearly-sandahpu-1936.jpg,14,133,164
Symbolism/nicholas-roerich_dorje-the-daring-one-1925.jpg,14,136,164
Northern_Renaissance/albrecht-durer_wire-drawing-mill.jpg,25,130,157
Expressionism/martiros-saryan_fellah-village-1911.jpg,13,137,149
Expressionism/pablo-picasso_profile-of-young-dutchwoman-1905.jpg,15,135,149
Realism/ivan-shishkin_river-floods-such-as-seas-1890.jpg,10,137,161
Impressionism/claude-monet_san-giorgio-maggiore-2.jpg,4,130,152
Impressionism/claude-monet_the-sea-and-the-alps.jpg,4,139,152
Art_Nouveau_Modern/nicholas-roerich_old-pskov-1904.jpg,14,130,143
Impressionism/edgar-degas_three-russian-dancers-1895.jpg,5,131,152
Baroque/rembrandt_seated-old-man-possibly-rembrandt-s-father.jpg,20,137,144
Impressionism/claude-monet_the-garden-of-monet-at-argenteuil.jpg,4,133,152
Symbolism/nicholas-roerich_himalayas-1941.jpg,14,133,164
Post_Impressionism/vincent-van-gogh_two-heads-of-men.jpg,22,137,160
Impressionism/pierre-auguste-renoir_bouquet-of-flowers-1878.jpg,17,139,152
Baroque/rembrandt_a-franciscan-friar-1659.jpg,20,135,144
Impressionism/paul-cezanne_the-battle-of-love-1876.jpg,16,139,152
Impressionism/camille-pissarro_landscape-with-rocks-montfoucault-1874.jpg,2,133,152
Naive_Art_Primitivism/marc-chagall_jeremiah-thrown-into-a-prison-by-the-people-of-king-zedekiah-jeremiah-xxxviii-4-6.jpg,12,136,155
Impressionism/pierre-auguste-renoir_apples-and-grapes.jpg,17,138,152
Post_Impressionism/pablo-picasso_at-lapin-agile-harlequin-with-glass-1905.jpg,15,131,160
Impressionism/eugene-boudin_rotterdam-the-commodities-exchange-port-1878.jpg,6,137,152
Impressionism/childe-hassam_lady-walking-down-fifth-avenue.jpg,3,130,152
Baroque/rembrandt_the-blindness-of-tobit-1629.jpg,20,136,144
Romanticism/gustave-dore_began-to-build-a-vessel-of-huge-bulk.jpg,7,136,163
Impressionism/edgar-degas_portrait-of-a-woman-wearing-a-green-blouse.jpg,5,135,152
Baroque/rembrandt_winter-landscape-1646.jpg,20,133,144
Impressionism/claude-monet_villas-at-bordighera-1884.jpg,4,130,152
Post_Impressionism/vincent-van-gogh_the-starry-night-1888-1.jpg,22,137,160
Post_Impressionism/paul-cezanne_still-life-with-apples-1.jpg,16,138,160
Realism/vincent-van-gogh_stooks-and-a-mill-1885.jpg,22,137,161
Northern_Renaissance/albrecht-durer_christ-being-crowned-with-thorns-1510.jpg,25,136,157
Impressionism/edgar-degas_dancer-2.jpg,5,131,152
Northern_Renaissance/albrecht-durer_hans-the-elder-portrait-burgkmair.jpg,25,135,157
Impressionism/camille-pissarro_autumn-montfoucault-pond-1875.jpg,2,133,152
Realism/john-singer-sargent_francis-j-h-jenkinson-1915.jpg,11,135,161
Realism/boris-kustodiev_portrait-of-n-a-kuznetsova-1919.jpg,1,137,161
Romanticism/ivan-aivazovsky_lunar-night-on-the-black-sea-1859.jpg,9,133,163
Impressionism/camille-pissarro_a-field-in-varengeville-1899.jpg,2,133,152
Expressionism/martiros-saryan_desert-1911.jpg,13,133,149
Post_Impressionism/vincent-van-gogh_poppies-and-butterflies-1890.jpg,22,133,160
Impressionism/eugene-boudin_near-camaret.jpg,6,139,152
Expressionism/salvador-dali_woman-at-the-window-in-figueras-1926.jpg,21,131,149
Northern_Renaissance/albrecht-durer_portrait-of-a-man-with-cap.jpg,25,135,157
Expressionism/martiros-saryan_blue-flowers-1914.jpg,13,138,149
Impressionism/eugene-boudin_market-scene.jpg,6,131,152
Expressionism/martiros-saryan_flamboyant-landscape-1933.jpg,13,132,149
Symbolism/nicholas-roerich_tibetian-camp-keilang-1932.jpg,14,133,164
Impressionism/camille-pissarro_field-at-eragny-1885.jpg,2,133,152
Impressionism/claude-monet_the-train-in-the-country.jpg,4,133,152
Impressionism/pierre-auguste-renoir_woman-with-a-fan-1906.jpg,17,135,152
Realism/boris-kustodiev_portrait-of-v-zamirailo-1922-1.jpg,1,135,161
Art_Nouveau_Modern/nicholas-roerich_terem-of-yaroslavna-1.jpg,14,139,143
Impressionism/claude-monet_water-lilies-11.jpg,4,139,152
Northern_Renaissance/albrecht-durer_head-of-a-stag.jpg,0,139,157
Northern_Renaissance/albrecht-durer_apostle.jpg,25,136,157
Art_Nouveau_Modern/nicholas-roerich_foreign-lords-1907-1.jpg,14,131,143
Symbolism/nicholas-roerich_lake-1915.jpg,14,139,164
Cubism/pablo-picasso_head-of-a-man-1908-1.jpg,15,135,147
Post_Impressionism/paul-cezanne_madame-cezanne-with-hortensias-1885.jpg,16,137,160
Post_Impressionism/vincent-van-gogh_snow-covered-cottages-a-couple-with-a-child-and-other-walkers-1890.jpg,22,137,160
Impressionism/john-singer-sargent_pavement-of-st-mark-s-1898.jpg,11,130,152
Romanticism/gustave-dore_he-sprang-unpon-the-old-woman-and-ate-her-up.jpg,7,132,163
Synthetic_Cubism/pablo-picasso_guitar-and-sheet-of-music-1912.jpg,15,138,165
Northern_Renaissance/albrecht-durer_madonna-and-child-on-the-grassy-bank-1.jpg,25,136,157
Impressionism/camille-pissarro_the-tuileries-gardens-afternoon-sun-1900.jpg,2,130,152
Romanticism/gustave-dore_the-inferno-canto-18-1.jpg,7,132,163
Romanticism/gustave-dore_confession.jpg,7,132,163
Baroque/rembrandt_portrait-of-jacob-trip-1661.jpg,20,135,144
Post_Impressionism/martiros-saryan_flowers-a-nook-of-the-garden-1940.jpg,13,133,160
Romanticism/ivan-aivazovsky_night-at-the-rodos-island-1850.jpg,9,133,163
Impressionism/childe-hassam_edith-blaney-mrs-dwight-blaney.jpg,3,135,152
Impressionism/claude-monet_the-siene-near-vernon.jpg,4,133,152
Naive_Art_Primitivism/boris-kustodiev_gate-laputin-s-house-1922.jpg,1,139,155
Art_Nouveau_Modern/raphael-kirchner_nude-drawings-11.jpg,19,134,143
Impressionism/edgar-degas_houses-at-the-foot-of-a-cliff-saint-valery-sur-somme.jpg,5,133,152
Post_Impressionism/pyotr-konchalovsky_the-model-squatting-1919.jpg,18,134,160
Post_Impressionism/vincent-van-gogh_a-woman-picking-up-a-stick-in-front-of-trees-1890(1).jpg,22,137,160
Impressionism/claude-monet_morning-on-the-seine-1.jpg,4,133,152
Impressionism/claude-monet_ships-in-harbor.jpg,4,139,152
Expressionism/salvador-dali_winged-victory.jpg,21,134,149
Impressionism/john-singer-sargent_doorway-of-a-venetian-palace.jpg,11,130,152
Symbolism/nicholas-roerich_sanctuaries-and-citadels-1925-7.jpg,14,133,164
Post_Impressionism/vincent-van-gogh_view-of-arles-with-trees-in-blossom-1888.jpg,22,133,160
Realism/pyotr-konchalovsky_still-life-meat-poultry-and-brussels-sprouts-against-the-window-1937.jpg,18,138,161
Northern_Renaissance/albrecht-durer_holy-family-with-three-hares-1498.jpg,25,136,157
Symbolism/nicholas-roerich_kangchenjunga-1924-1.jpg,14,133,164
Art_Nouveau_Modern/boris-kustodiev_merchant-wedding-1917.jpg,1,131,143
Romanticism/ivan-aivazovsky_chains-of-the-caucasus-mountains-1869.jpg,9,133,163
Expressionism/martiros-saryan_nile-near-aswan-1911.jpg,13,137,149
Realism/ivan-shishkin_sandy-road-1898.jpg,10,133,161
Impressionism/edgar-degas_three-ballet-dancers-one-with-dark-crimson-waist-1899.jpg,5,131,152
Baroque/rembrandt_a-landscape-of-irregular-form-1652.jpg,20,133,144
Impressionism/pierre-auguste-renoir_woman-reading-1909.jpg,17,135,152
Symbolism/nicholas-roerich_pearl-of-searching-1924.jpg,14,131,164
Impressionism/pierre-auguste-renoir_sitting-girl-1917.jpg,17,137,152
Impressionism/pierre-auguste-renoir_man-carrying-a-boy.jpg,17,131,152
Post_Impressionism/pyotr-konchalovsky_silver-poplar-trees-1919.jpg,18,133,160
Impressionism/john-singer-sargent_francois-flameng-and-paul-helleu.jpg,11,135,152
Naive_Art_Primitivism/martiros-saryan_illustration-to-armenian-folk-tales-1937-12.jpg,13,132,155
Impressionism/pierre-auguste-renoir_white-house.jpg,17,130,152
Realism/boris-kustodiev_portrait-of-r-i-notgaft-1909.jpg,1,135,161
Realism/john-singer-sargent_portrait-of-lancelot-allen-1894.jpg,11,135,161
Cubism/salvador-dali_still-life-watermelon.jpg,21,138,147
Impressionism/camille-pissarro_the-pont-neuf-1901.jpg,2,130,152
Post_Impressionism/pyotr-konchalovsky_still-life-malwa-1921.jpg,18,139,160
Realism/john-singer-sargent_jacques-barenton-1883.jpg,11,135,161
Impressionism/eugene-boudin_bathers-on-the-beach-at-trouville-1869.jpg,6,131,152
Impressionism/eugene-boudin_seascape-1.jpg,6,139,152
Art_Nouveau_Modern/raphael-kirchner_salome.jpg,19,139,143
Romanticism/ivan-aivazovsky_sunny-day-1884.jpg,9,139,163
Symbolism/nicholas-roerich_gundla-1931.jpg,14,133,164
Post_Impressionism/vincent-van-gogh_sunflowers-1888.jpg,22,139,160
Symbolism/nicholas-roerich_himalayas-44.jpg,14,133,164
Impressionism/edgar-degas_study-of-horses.jpg,5,139,152
Realism/boris-kustodiev_landscape-with-a-flowerbed-1917.jpg,1,133,161
Impressionism/eugene-boudin_camaret-the-bay-1873.jpg,6,133,152
Post_Impressionism/paul-cezanne_bouquet-of-flowers.jpg,16,139,160
Post_Impressionism/vincent-van-gogh_dog(1).jpg,22,139,160
Art_Nouveau_Modern/raphael-kirchner_figures-on-turquoise-background-1901-3.jpg,19,139,143
Impressionism/paul-cezanne_poplars-1880.jpg,16,133,152
Northern_Renaissance/albrecht-durer_two-castles.jpg,25,137,157
Impressionism/camille-pissarro_haymaking-at-eragny-1891.jpg,2,131,152
Romanticism/ivan-aivazovsky_the-waves-1893.jpg,9,139,163
Realism/pyotr-konchalovsky_still-life-peonies-in-a-basket-1935.jpg,18,139,161
Symbolism/nicholas-roerich_yarilin-calls-1919.jpg,14,139,164
Impressionism/childe-hassam_late-afternoon-aka-sunset.jpg,3,133,152
Realism/nicholas-roerich_elders-gathering.jpg,14,131,161
Realism/john-singer-sargent_mrs-thomas-wodehouse-legh-1884.jpg,11,135,161
Expressionism/pyotr-konchalovsky_portrait-of-pyotr-konchalovsky-the-son-of-the-artist-1926.jpg,18,135,149
Impressionism/claude-monet_grainstacks-white-frost-effect-1891.jpg,4,133,152
Symbolism/nicholas-roerich_mother-of-the-world-1924.jpg,14,136,164
Realism/john-singer-sargent_mr-and-mrs-john-w-field-1882.jpg,11,135,161
Impressionism/claude-monet_poplars-on-the-banks-of-the-epte-autumn-1891.jpg,4,133,152
Cubism/pyotr-konchalovsky_bread-on-the-blue-1913.jpg,18,138,147
Impressionism/pierre-auguste-renoir_sugar-bowl-and-lemon.jpg,17,138,152
Impressionism/childe-hassam_church-at-old-lyme-1.jpg,3,130,152
Post_Impressionism/salvador-dali_still-life-pomegranates.jpg,21,138,160
Post_Impressionism/vincent-van-gogh_the-roofs-of-paris-1886.jpg,22,139,160
Post_Impressionism/vincent-van-gogh_self-portrait-with-felt-hat.jpg,22,139,160
Cubism/pablo-picasso_guitar-bottle-fruit-dish-and-glass-on-the-table-1919.jpg,15,138,147
Post_Impressionism/vincent-van-gogh_still-life-with-basket-of-apples-1887.jpg,22,138,160
Realism/ivan-shishkin_etude-1885.jpg,10,137,161
Impressionism/camille-pissarro_apple-blossoms-eragny.jpg,2,133,152
Symbolism/nicholas-roerich_snow-maiden.jpg,14,131,164
Romanticism/ivan-aivazovsky_island-of-patmos-1854.jpg,9,139,163
Impressionism/edgar-degas_the-amateurs-paul-lafond-and-alhonse-cherfils-examening-a-painting.jpg,5,135,152
Realism/ivan-shishkin_oaks-1886.jpg,10,133,161
Realism/vincent-van-gogh_head-of-a-peasant-woman-bareheaded.jpg,22,137,161
Realism/ivan-shishkin_creek-in-gurzuf.jpg,10,137,161
Impressionism/edgar-degas_dancer-seated-study-1872.jpg,5,131,152
Impressionism/childe-hassam_new-england-road.jpg,3,133,152
Post_Impressionism/vincent-van-gogh_landscape-with-the-chateau-of-auvers-at-sunset-1890.jpg,22,133,160
Impressionism/camille-pissarro_the-docks-rouen-afternoon-1898.jpg,2,130,152
Naive_Art_Primitivism/boris-kustodiev_easter-procession-1915.jpg,1,131,155
Impressionism/camille-pissarro_landscape-at-eragny-1894.jpg,2,133,152
Romanticism/ivan-aivazovsky_sevastopol.jpg,9,139,163
Pointillism/camille-pissarro_meadows-at-eragny-1886.jpg,2,133,158
Realism/vincent-van-gogh_still-life-with-five-bottles-1884.jpg,22,138,161
Art_Nouveau_Modern/nicholas-roerich_pater-devil-1912.jpg,14,139,143
Northern_Renaissance/albrecht-durer_hand-study-with-bible-1506.jpg,25,137,157
Realism/boris-kustodiev_dried-fish-merchant-1924.jpg,1,137,161
Northern_Renaissance/albrecht-durer_philosophia-personification-of-philosophy.jpg,0,139,157
Realism/salvador-dali_portrait-of-mrs-reeves.jpg,21,135,161
Northern_Renaissance/albrecht-durer_sudarium-spread-out-by-an-angel-1516.jpg,25,136,157
Cubism/pyotr-konchalovsky_still-life-samovar-1917.jpg,18,138,147
Expressionism/martiros-saryan_morning-in-stavrin-1912.jpg,13,139,149
Realism/john-singer-sargent_mrs-alice-mason-1885.jpg,11,135,161
Impressionism/pierre-auguste-renoir_the-lesson-1906.jpg,17,131,152
Symbolism/martiros-saryan_aragats-1922.jpg,13,133,164
Art_Nouveau_Modern/nicholas-roerich_yaroslavna-1913.jpg,14,139,143
Realism/ivan-shishkin_night-1886.jpg,10,137,161
Romanticism/gustave-dore_the-annunciation.jpg,7,136,163
Symbolism/martiros-saryan_aragats-in-clouds-1923.jpg,13,133,164
Romanticism/ivan-aivazovsky_self-portrait-1880-1.jpg,9,139,163
Impressionism/pierre-auguste-renoir_sugar-bowl-1911.jpg,17,138,152
Impressionism/eugene-boudin_criqueboeuf-the-church.jpg,6,133,152
Realism/ilya-repin_portrait-of-secretary-of-state-general-and-member-of-state-council-mikhail-nikolayevich-galkin-1903.jpg,8,135,161
Realism/vincent-van-gogh_sketch-of-a-knee-1886-1.jpg,22,137,161
Art_Nouveau_Modern/nicholas-roerich_mist-in-the-forest-1907.jpg,14,133,143
Romanticism/gustave-dore_the-emperor-alexius-iv-poisoned-and-strangled-by-mourzoufle.jpg,7,132,163
Post_Impressionism/paul-cezanne_still-life-apples-and-pears-1887.jpg,16,138,160
Impressionism/childe-hassam_woodboats-and-dogana.jpg,3,133,152
Romanticism/ivan-aivazovsky_view-of-the-bosporus-1874.jpg,9,133,163
Symbolism/nicholas-roerich_blue-temples-1921.jpg,14,133,164
Symbolism/nicholas-roerich_study-of-mountains-1933.jpg,14,133,164
Impressionism/childe-hassam_rainy-day-paris.jpg,3,131,152
Impressionism/camille-pissarro_view-of-eragny-1892.jpg,2,133,152
Expressionism/martiros-saryan_still-life-1925.jpg,13,138,149
Impressionism/eugene-boudin_norman-beach-arcenciel.jpg,6,139,152
Impressionism/claude-monet_gladiolus-1.jpg,4,139,152
Impressionism/eugene-boudin_cows-in-the-fields.jpg,6,139,152
Impressionism/claude-monet_at-val-saint-nicolas-near-dieppe.jpg,4,133,152
Impressionism/childe-hassam_promenade-at-sunset-paris-1889.jpg,3,131,152
Post_Impressionism/pyotr-konchalovsky_still-life-oranges-and-crumpled-paper-1946.jpg,18,138,160
Northern_Renaissance/albrecht-durer_temptation-of-st-anthony.jpg,25,136,157
Baroque/rembrandt_rembrandt-s-mother-seated-looking-to-the-right-1631.jpg,20,135,144
Post_Impressionism/pyotr-konchalovsky_still-life-with-begonia-1916.jpg,18,138,160
Post_Impressionism/vincent-van-gogh_plaster-statuette-of-a-horse-1886.jpg,22,138,160
